ln,dob,gn,fn
SMITH JR,1/3/1968,F,WILLIAM
ROTHMEYER JR,1/3/1968,F,WILLIAM
ASBY JR,1/3/1968,F,WILLIAM
SALTER JR,1/3/1968,F,WILLIAM
SALTER JR,1/3/1968,F,WILLIAM
BLAND JR,21/02/62,F,WILLIAM
BLAND JR,21/02/62,F,WILLIAM
BLAND JR,21/02/62,F,WILLIAM
SHAFFER JR,21/02/62,F,WILLIAM
SHAFFER JR,21/02/62,F,WILLIAM
BLAND III,21/02/62,F,WILLIAM
BLAND JR,21/02/62,F,BILL
BLAND,21/02/62,F,WILLIAM
BLAND JR,21/02/62,F,WILLIAM
BLAND JR,8/6/1954,F,WILLIAM
BLAND JR,8/6/1954,F,WILLIAM
BLAND JR,25/10/53,F,WILLIAM
BLAND JR,25/10/53,F,WILLIAM
SHAFFER JR,25/10/53,F,WILLIAM
DUNCAN JR,25/10/53,F,THOMAS
CARLSON JR,25/10/53,F,ROY
CARLSON JR,25/10/53,F,RON
DUNCAN JR,25/10/53,F,ROY
MICHAELSON,25/10/53,M,ROY
MICHAELSON JR,25/10/53,M,ROY
MICHAELSON,25/10/53,M,ROY
MICHAELSON JR,25/10/53,M,ROY
MICHAELSON JR,1/5/1951,M,ROY
MICHAELSON JR,17/06/48,M,ROY
MICHAELSON JR,17/06/48,M,ROY
MICHAELSON JR,9/4/1947,M,ROY
MICHAELSON JR,9/4/1947,M,ROBERT
MICHAELSON JR,9/4/1947,M,BOB
MUSTAPHA JR,11/3/1947,M,OWEN
MUSTAPHA JR,11/3/1947,M,OWAN
HOUGHTON JR,31/01/46,M,LAWRENCE
HOUGHTON JR,31/01/46,M,LAWRENCE
HOUGHTON JR,31/01/46,M,LAWRENCE
LIND JR,31/01/46,M,LAWRENCE
LIND JR,31/01/46,M,LAWRENCE
LIND JR,31/01/46,M,KENNETH
LIND JR,31/01/46,M,KENNETH
LIND JR,20/01/46,M,JOHN
CAIN JR,20/01/46,M,JOHN
CLARK,9/6/1945,M,JOHN
CLARK,9/2/1945,M,RONALD
CLARK,9/2/1945,M,DONALD
CLARK,16/12/44,M,JOHN
CLARK JR,16/12/44,M,JOHN
CLARK JR,16/12/44,M,JOHN
MICHAELSON JR,16/12/44,M,JOHN
MICHAELSON JR,16/12/44,M,JOHN
MICHAELSON JR,16/12/44,M,JOHN
MICHAELSON JR,24/04/40,M,JOHN
MICHAELSON JR,24/04/40,M,JOHN
MICHAELSON JR,24/06/39,M,JOHN
MICHAELSON JR,24/06/39,M,JOHN
MICHAELSON JR,24/06/39,M,JOHN
MICHAELSON JR,24/06/39,M,JAMES
MICHAELSON JR,24/06/39,M,JAMES
MICHAELSON JR,24/06/39,M,JACK
MICHAELSON JR,9/6/1939,M,JACK
LARSON JR,9/6/1939,M,HAROLD
LARSON JR,9/6/1939,M,HAROLD
MUSTAPHA JR,7/10/1937,M,HAROLD
HOUGHTON JR,7/10/1937,M,HAROLD
MELVIN JR,7/10/1937,M,HAROLD
MELVIN JR,7/10/1937,M,HAROLD
MELVIN JR,7/10/1937,M,HAROLD
MELVIN JR,7/10/1937,M,HAROLD
MELVIN JR,7/10/1937,M,HAROLD
MELVIN JR,7/10/1937,M,HAROLD
MELVIN JR,7/10/1937,M,HAROLD
MELVIN JR,7/10/1937,M,HAROLD
MELVIN JR,7/10/1937,M,HAROLD
CHAVAS JR,7/10/1937,M,HAROLD
CHAVAS JR,7/10/1937,M,HAROLD
CHAVAS JR,7/10/1937,M,HAROLD
CHAVAS JR,7/10/1937,M,HAROLD
MICHAELSON JR,7/10/1937,M,HAROLD
MICHAELSON JR,7/10/1937,M,HAROLD
SMITH JR,7/10/1937,M,HAROLD
CHAVAS JR,7/10/1937,M,HAROLD
CHAVAS JR,7/10/1937,M,HAROLD
FAGEN JR,7/10/1937,M,HAROLD
FAGEN JR,7/10/1937,M,HAROLD
FAGEN JR,7/10/1937,M,GEORGE
GRIFFIN JR,7/10/1937,M,DARH
GRIFFIN JR,10/7/1937,M,DARL
GRIFFIN JR,7/5/1937,M,DARL
GRIFFIN JR,7/5/1937,M,CLIFFORD
GRIFFIN JR,7/5/1937,M,CLIFFORD
GRIFFIN JR,7/5/1937,M,CLIFFORD
GRIFFIN JR,7/5/1937,M,CLARENCE
HANNA,24/11/34,M,ADDISON J
HANNA,24/11/34,M,ADDISON JOHN
HANNA,24/11/34,M,ADDISON
HANNA,24/11/34,M,ADDISON
HANNA,24/11/34,M,ADDISON
GALETICH JR,15/10/32,M,ADDISON
FUNARO JONES,6/12/1937,F,HARRIET
FUNARO J,6/12/1937,F,HARRIET
FUNARO,6/12/1937,F,HARRIET
